{"cameraMode":{"drawMode":0,"name":"Shaded","section":"Shading Mode"},"sceneLighting":true,"audioPlay":false,"sceneViewState":{"m_AlwaysRefresh":false,"showFog":true,"showSkybox":true,"showFlares":true,"showImageEffects":true,"showParticleSystems":true,"showVisualEffectGraphs":true,"m_FxEnabled":true},"in2DMode":false,"pivot":{"x":0.7975867986679077,"y":23.824663162231447,"z":-1.1207987070083619},"rotation":{"x":-0.08299915492534638,"y":-0.35089197754859927,"z":0.031240500509738923,"w":-0.932213544845581},"size":0.633823037147522,"orthographic":false}