{"cameraMode":{"drawMode":0,"name":"Shaded","section":"Shading Mode"},"sceneLighting":true,"audioPlay":false,"sceneViewState":{"m_AlwaysRefresh":false,"showFog":true,"showSkybox":true,"showFlares":true,"showImageEffects":true,"showParticleSystems":true,"showVisualEffectGraphs":true,"m_FxEnabled":true},"in2DMode":false,"pivot":{"x":-0.8303439617156982,"y":1.6510788202285767,"z":0.2582104206085205},"rotation":{"x":0.032274890691041949,"y":0.37328994274139407,"z":0.012995735742151738,"w":-0.9270634055137634},"size":6.248178005218506,"orthographic":false}